{"cap-diameter": {"x": [9.455, 28.365000000000002, 47.275000000000006, 66.185, 85.095, 104.005, 122.915, 141.825, 160.735, 179.64499999999998, 198.555, 217.465, 236.375, 255.28500000000003, 274.195, 293.105, 312.015, 330.925, 349.83500000000004, 368.745, 387.655, 406.565, 425.475, 444.385, 463.295, 482.20500000000004, 501.115, 520.025, 538.935, 557.845, 576.755, 595.665, 614.575, 633.485, 652.395, 671.3050000000001, 690.2149999999999, 709.125, 728.0350000000001, 746.9449999999999, 765.855, 784.7650000000001, 803.675, 822.585, 841.495, 860.405, 879.315, 898.225, 917.135, 936.0450000000001, 954.9549999999999, 973.865, 992.7750000000001, 1011.685, 1030.595, 1049.505, 1068.415, 1087.325, 1106.2350000000001, 1125.145, 1144.0549999999998, 1162.9650000000001, 1181.875, 1200.7849999999999, 1219.6950000000002, 1238.605, 1257.5149999999999, 1276.4250000000002, 1295.335, 1314.245, 1333.155, 1352.065, 1370.975, 1389.885, 1408.795, 1427.705, 1446.615, 1465.525, 1484.435, 1503.345, 1522.255, 1541.165, 1560.075, 1578.9850000000001, 1597.895, 1616.8049999999998, 1635.7150000000001, 1654.625, 1673.5349999999999, 1692.4450000000002, 1711.355, 1730.2649999999999, 1749.1750000000002, 1768.085, 1786.995, 1805.9050000000002, 1824.815, 1843.725, 1862.635, 1881.545], "nakagami": {"y": [0.00036004608075783075, 0.0005390214668015133, 0.0006493913285109482, 0.0007328669879605008, 0.0008006288985810899, 0.000857532890573034, 0.0009061729689794668, 0.0009481138576025536, 0.0009843804107400424, 0.0010156863981588943, 0.0010425540597167702, 0.0010653818730519005, 0.0010844854197779906, 0.0011001232510179097, 0.001112513899121205, 0.0011218474133377768, 0.0011282933728830424, 0.0011320065567721517, 0.0011331310092202495, 0.0011318029785295659, 0.0011281530475451202, 0.0011223076728563912, 0.0011143902845173158, 0.0011045220546499455, 0.0010928224138686475, 0.0010794093741174858, 0.00106439970219247, 0.0010479089779659948, 0.0010300515638670927, 0.0010109405066510062, 0.0009906873883434191, 0.0009694021400770759, 0.0009471928300797548, 0.0009241654351319591, 0.0009004236032547905, 0.0008760684141163775, 0.0008511981425888599, 0.0008259080299964772, 0.0008002900668315398, 0.0007744327900517328, 0.0007484210974892669, 0.0007223360813850298, 0.0006962548825982213, 0.0006702505666259362, 0.0006443920221918276, 0.0006187438828239668, 0.0005933664715360371, 0.0005683157684506296, 0.0005436434009567351, 0.0005193966557741557, 0.0004956185121041985, 0.00047234769487768975, 0.0004496187469670793, 0.00042746211910827314, 0.00040590427617890804, 0.0003849678184021325, 0.0003646716159875108, 0.000345030955682432, 0.00032605769768717587, 0.000307760441383407, 0.00029014469833807237, 0.00027321307107116817, 0.0002569654361152785, 0.00024139912994579671, 0.0002265091364219777, 0.000212288274448997, 0.00019872738464869603, 0.00018581551391031, 0.00017354009678088284, 0.0001618871327470295, 0.0001508413585540133, 0.00014038641480360254, 0.00013050500616781086, 0.00012117905465043222, 0.00011238984542133363, 0.00010411816483898078, 9.634443036391245e-05, 8.904881214922961e-05, 8.221134617308353e-05, 7.581203885221084e-05, 6.983096314439555e-05, 6.424834621109012e-05, 5.904464876910898e-05, 5.420063631221147e-05, 4.9697442429481426e-05, 4.551662448771923e-05, 4.164021197968415e-05, 3.8050747869099064e-05, 3.473132328705584e-05, 3.166560595307258e-05, 2.883786270781267e-05, 2.623297655369556e-05, 2.3836458604610335e-05, 2.1634455347039977e-05, 1.9613751612448475e-05, 1.7761769655140725e-05, 1.6066564721322234e-05, 1.4516817484115479e-05, 1.3101823706180257e-05, 1.1811481476662809e-05], "p": 5.065841587374875e-22}, "beta": {"y": [0.00027662212463834546, 0.0004943054839045761, 0.0006377740840145059, 0.0007462988652380279, 0.0008323752634433802, 0.0009021219077995468, 0.0009591597113217989, 0.0010058829316180575, 0.0010439955507156316, 0.0010747755062168744, 0.0010992194595200793, 0.001118128563887013, 0.00113216243100503, 0.001141874754098998, 0.0011477377604530432, 0.0011501595518948844, 0.001149496745613767, 0.0011460639097389696, 0.0011401407526588692, 0.0011319777004662756, 0.001121800293473781, 0.001109812701462404, 0.0010962005704044557, 0.0010811333545173846, 0.001064766246789653, 0.0010472417924422138, 0.00102869124925022, 0.0010092357437139327, 0.0009889872610547258, 0.0009680494987870263, 0.0009465186074015812, 0.0009244838369472293, 0.0009020281046343032, 0.0008792284957288072, 0.0008561567077638354, 0.0008328794463182313, 0.0008094587791941818, 0.0007859524546852438, 0.0007624141887032925, 0.0007388939247809677, 0.0007154380703500053, 0.000692089712188002, 0.0006688888135053354, 0.0006458723947934641, 0.0006230747002625737, 0.0006005273514498964, 0.0005782594893718395, 0.0005562979064164822, 0.0005346671690226866, 0.000513389732063631, 0.0004924860457424024, 0.0004719746557124617, 0.00045187229705395985, 0.00043219398266590794, 0.00041295308657264264, 0.00039416142258928157, 0.00037582931874395484, 0.0003579656878134867, 0.0003405780942930577, 0.00032367281808858673, 0.00030725491519247304, 0.0002913282755784961, 0.00027589567852964617, 0.00026095884559306594, 0.00024651849133887804, 0.00023257437208410182, 0.0002191253327289856, 0.0002061693518406499, 0.00019370358510777686, 0.00018172440728007682, 0.00017022745269727895, 0.00015920765450427166, 0.0001486592826417391, 0.00013857598069505332, 0.00012895080167823922, 0.00011977624282447164, 0.0001110442794497188, 0.00010274639795177586, 9.487362800298186e-05, 8.741657399135464e-05, 8.036544576168453e-05, 7.371008870523285e-05, 6.744001324412076e-05, 6.154442375419233e-05, 5.6012246968100516e-05, 5.083215989858437e-05, 4.599261732035519e-05, 4.14818788476915e-05, 3.728803564374159e-05, 3.33990367966625e-05, 2.9802715397063993e-05, 2.648681435079814e-05, 2.3439011960945896e-05, 2.0646947312900055e-05, 1.8098245496768956e-05, 1.5780542701939264e-05, 1.3681511219572425e-05, 1.1788884390117588e-05, 1.0090481534657307e-05, 8.574232911126114e-06], "p": 6.575793179792979e-31},